client code,Client Name,Date of Introduction,Cash Brokerage,Derivative Brokerage,CDS Brokerage,Commodity Brokerage,Total Brokerage,Cash Volume,Derivative Volume,CDS Volume,Commodity Volume,Total Volume,Branch
S1NKK,SUJOY  GHOSH,28 Oct 2020,0,0,0,0,0,0,0,0,0,0,ALOK 
ZPFTF,BISWARUP BASU MALLICK,13 Oct 2020,0,0,0,0,0,0,0,0,0,0,ALOK 
ZMAA6,ALOKE  RAY,17 Sep 2020,0,0,0,0,0,0,0,0,0,0,ALOK 
ZSEDZ,SUBRATA  ROY,15 Sep 2020,0,0,0,0,0,0,0,0,0,0,ALOK 
,,,,,,,,,,,,,
ZX2PZ,AMARENDU  HALDAR,31 Aug 2020,0,0,0,0,0,0,0,0,0,0,DKG
ZX2Q3,GULSHAN  ARORA,31 Aug 2020,0,0,0,0,0,0,0,0,0,0,DKG
ZX2W8,JAKIR HUSSAIN TAPADAR,31 Aug 2020,148.78,0,0,0,148.78,37195,0,0,0,37195,DKG
ZV5PP,MOHAMMED MOINUDDIN SHAIKH,18 Aug 2020,0,0,0,0,0,0,0,0,0,0,DKG
ZV5QU,REHANA  BEGUM,18 Aug 2020,0,0,0,0,0,0,0,0,0,0,DKG
ZV5V3,MD ARAFAT SHAIKH,18 Aug 2020,0,0,0,0,0,0,0,0,0,0,DKG
S1N1M,SANKAR  SARKAR,14 Aug 2020,0,0,0,0,0,0,0,0,0,0,DKG
ZUJO1,PARTHA RAJ CHAMUAH,06 Aug 2020,0,0,0,0,0,0,0,0,0,0,DKG
ZUAC9,AVISHEK  POLLEY,31 Jul 2020,42,0,0,0,42,39720,0,0,0,39720,DKG
ZUAOU,SANJAY  YADAV,31 Jul 2020,1576.21,35570.81,0,0,37147.02,741642.25,205246918.8,0,0,205988561,DKG
ZU7SU,DILIP KUMAR GUHA,30 Jul 2020,0,0,0,0,0,0,0,0,0,0,DKG
ZU7VT,ACHINTYA  MONDAL,30 Jul 2020,1.12,0,0,0,1.12,44.82,0,0,0,44.82,DKG
ZU7VW,ASHIS KUMAR DAS,30 Jul 2020,0,0,0,0,0,0,0,0,0,0,DKG
ZU7XD,SACHIN  RAMPURIA,30 Jul 2020,0,0,0,0,0,0,0,0,0,0,DKG
ZU5CK,PRAGATI   DHANANIA,29 Jul 2020,0,0,0,0,0,0,0,0,0,0,DKG
ZU5FL,AVIK  GHOSH,29 Jul 2020,0,0,0,0,0,0,0,0,0,0,DKG
ZU73D,GOPA  SINHA,29 Jul 2020,0,0,0,0,0,0,0,0,0,0,DKG
ZU73Y,SAROJ  KHEMKA,29 Jul 2020,0,0,0,0,0,0,0,0,0,0,DKG
ZU77G,ALKA  DHANANIA,29 Jul 2020,0,0,0,0,0,0,0,0,0,0,DKG
ZU3A8,SATYENDRA  PURI,28 Jul 2020,0,0,0,0,0,0,0,0,0,0,DKG
ZU5CC,ASHOK  DHANANIA,28 Jul 2020,0,0,0,0,0,0,0,0,0,0,DKG
R0T9L,RANJAN  PAL,28 Jul 2020,0,0,0,0,0,0,0,0,0,0,DKG
ZTD81,SOUMYA  DAS,23 Jul 2020,3179.05,0,0,0,3179.05,3133951.35,0,0,0,3133951.35,DKG
ZTE1D,ARPITA  GHOSH,23 Jul 2020,0,0,0,0,0,0,0,0,0,0,DKG
ZT4KP,AVIPSA  ROYCHOWDHURY,22 Jul 2020,0,0,0,0,0,0,0,0,0,0,DKG
ZT1E5,PARTHA SARATHI NAYAK,21 Jul 2020,0,0,0,0,0,0,0,0,0,0,DKG
ZSS6T,ASHIM  BODHAK,17 Jul 2020,257.14,0,0,0,257.14,211570.3,0,0,0,211570.3,DKG
ZSNNC,SACHIN KUMAR DAS,15 Jul 2020,0,0,0,0,0,0,0,0,0,0,DKG
ZRUDR,ANIL KUMAR NASKAR,10 Jul 2020,894.76,8915.84,0,0,9810.6,84821.8,41533075.15,0,0,41617896.95,DKG
ZS0MB,CHIRANJIB  BOSE,10 Jul 2020,0,0,0,0,0,0,0,0,0,0,DKG
ZRDLX,RAJU  SHARMA,06 Jul 2020,152.57,0,0,0,152.57,44762,0,0,0,44762,DKG
ZTTK3,KAKALI  DEY,30 Jun 2020,0,0,0,0,0,0,0,0,0,0,DKG
ZTTGF,KUMARI SAPNA ANAND,26 Jun 2020,0,0,0,0,0,0,0,0,0,0,DKG
ZX2IF,DEVANSH  SETHIA,24 Jun 2020,42,0,0,0,42,9695.7,0,0,0,9695.7,DKG
ZWYJR,RIYA  PAUL,24 Jun 2020,0,0,0,0,0,0,0,0,0,0,DKG
ZX0IT,BISWAJIT  BHATTACHARJEE,18 Jun 2020,0,0,0,0,0,0,0,0,0,0,DKG
ZX3GG,BARUN KUMAR SAHA,18 Jun 2020,0,0,0,0,0,0,0,0,0,0,DKG
ZX9TJ,SWAPAN KUMAR PODDER,15 Jun 2020,4655.72,0,0,0,4655.72,819773.55,0,0,0,819773.55,DKG
ZXJXR,PRABAL  ROY,15 Jun 2020,0,0,0,0,0,0,0,0,0,0,DKG
ZSFSG,SUDIP  KOLEY,11 Jun 2020,42,9223.72,0,0,9265.72,32160,45999910,0,0,46032070,DKG
ZTN2X,BRIJ MOHAN SONI,10 Jun 2020,2039.96,0,0,0,2039.96,1316606.6,0,0,0,1316606.6,DKG
ZTKLB,SHIO KUMAR JHA,09 Jun 2020,1251.1,0,0,0,1251.1,593859.15,0,0,0,593859.15,DKG
ZRN8P,BISHNU KANT MISHRA,06 Jun 2020,0,0,0,0,0,0,0,0,0,0,DKG
ZRP7R,SANDEEP  BOSE,06 Jun 2020,0,0,0,0,0,0,0,0,0,0,DKG
S1ML4,SURUPA BOSE (MAIN),30 May 2020,0,0,0,0,0,0,0,0,0,0,DKG
A0UBD,ASISH SEN,11 May 2019,1353.38,0,0,0,1353.38,276740,0,0,0,276740,DKG
,,,,,,,,,,,,,
,,,,,,,69346.16,,,,,,
,,,,,,,,,,,,,
S1NIT,SNEHANSHU CHAKRABORTY,22 Oct 2020,0,0,0,0,0,0,0,0,0,0,EZW63
S1N8C,SALIM  PARVEZ,12 Sep 2020,1103.49,0,0,0,1103.49,585785,0,0,0,585785,EZW63
S1N86,SUNITU  GHOSH,11 Sep 2020,2826.61,0,0,0,2826.61,1608380.3,0,0,0,1608380.3,EZW63
ZRGGT,SHRABANI  MONDAL,04 Sep 2020,3638.69,0,0,0,3638.69,5034282.4,0,0,0,5034282.4,EZW63
A12KL,ALOKA DAS,26 Aug 2020,0,0,0,0,0,0,0,0,0,0,EZW63
ZUESB,JHARNA  DASS,04 Aug 2020,0,0,0,0,0,0,0,0,0,0,EZW63
P0QE6,PRADIP KUMAR MONDAL,28 Jul 2020,541.58,0,0,0,541.58,177271.5,0,0,0,177271.5,EZW63
ZSLEM,TITHI GURIA SARDAR,14 Jul 2020,9483.85,0,0,0,9483.85,25231856.9,0,0,0,25231856.9,EZW63
ZTQEE,AMIT  DAS,25 Jun 2020,8165.77,0,0,0,8165.77,7379362.6,0,0,0,7379362.6,EZW63
ZTWDF,RITA  GHOSH,09 Jun 2020,4532.5,0,0,0,4532.5,2234564.35,0,0,0,2234564.35,EZW63
,,,,,,,,,,,,,
,,, ,,,,30292.49,,,,,,
,,,,,,,,,,,,,
ZTQEY,DRAUPATI  SONI,25 Jun 2020,0,0,0,0,0,0,0,0,0,0,RAJU
ZX2DM,NITIN KUMAR KESHRI,24 Jun 2020,0,0,0,0,0,0,0,0,0,0,RAJU
ZX2V6,BIRENDRA  KUMAR,23 Jun 2020,0,0,0,0,0,0,0,0,0,0,RAJU
ZX82I,SANTOSH  KUMAR,18 Jun 2020,0,0,0,0,0,0,0,0,0,0,RAJU
,,,,,,,,,,,,,
,,,,,,,,,,,,,
ZPOIE,SANJIB  DASGUPTA,16 Oct 2020,0,0,0,0,0,0,0,0,0,0,MD
ZRDXP,DIBYENDU  BHATTACHARJEE,03 Sep 2020,0,0,0,0,0,0,0,0,0,0,MD
ZR4GN,AJMAL HUSSAIN BARBHUIYA,01 Sep 2020,13.89,0,0,0,13.89,555.45,0,0,0,555.45,MD
ZR4H3,SOHIDUL ISLAM LASKAR,01 Sep 2020,2793.11,0,0,0,2793.11,620695.15,0,0,0,620695.15,MD
ZX2YN,SUBHADIP DEB ROY,31 Aug 2020,0,0,0,0,0,0,0,0,0,0,MD
ZU832,ABHISHEK  MAZUMDER,30 Jul 2020,663.45,0,0,0,663.45,142728.55,0,0,0,142728.55,MD
ZU5FI,NURUL ISLAM TALUKDAR,29 Jul 2020,941.69,0,0,0,941.69,171214.95,0,0,0,171214.95,MD
ZU6NW,ASISH  SINHA,29 Jul 2020,0,0,0,0,0,0,0,0,0,0,MD
ZTR0K,JAKIR HUSSAIN BARBHUIYA,23 Jul 2020,0,0,0,0,0,0,0,0,0,0,MD
ZSQW9,PRADIP KUMAR DEY,16 Jul 2020,0,0,0,0,0,0,0,0,0,0,MD
ZSNSO,ABU ZAHID MD SULAIMAN,15 Jul 2020,364.74,0,0,0,364.74,66315.9,0,0,0,66315.9,MD
ZSLDE,TOJMUL  HOQUE,14 Jul 2020,0,0,0,0,0,0,0,0,0,0,MD
ZTT2N,SUMAN S KARMAKAR,30 Jun 2020,111.07,0,0,0,111.07,19909.75,0,0,0,19909.75,MD
ZTAY8,SALIM UDDIN AHMED,19 Jun 2020,0,0,0,0,0,0,0,0,0,0,MD
ZX5GZ,BIMALANGSHU  DAS,18 Jun 2020,0,0,0,0,0,0,0,0,0,0,MD
ZX91Z,SANKAR  DEB,18 Jun 2020,0,0,0,0,0,0,0,0,0,0,MD
ZSLTD,SAMBHU KUMAR DEB,16 Jun 2020,459.3,0,0,0,459.3,81666.9,0,0,0,81666.9,MD
ZSQCY,MRIGANKA  DAS,16 Jun 2020,0,0,0,0,0,0,0,0,0,0,MD
,,, ,,,,,,,,,,
,,,,,,,5347.25,,,,,,
,,,,,,,,,,,,,
ZX2Q1,PARTHA SARATHI BARDHAN,31 Aug 2020,0,0,0,0,0,0,0,0,0,0,RUPAK
ZU76B,SATYAJIT  DEBNATH,29 Jul 2020,0,0,0,0,0,0,0,0,0,0,RUPAK
ZU7QZ,BINOY  DEY,29 Jul 2020,0,0,0,0,0,0,0,0,0,0,RUPAK
ZU1Z6,ABHISHEK  CHANDA,27 Jul 2020,2467.3,0,0,0,2467.3,711367.45,0,0,0,711367.45,RUPAK
ZT4C7,SWAPNA  CHOWDHURY,22 Jul 2020,0,0,0,0,0,0,0,0,0,0,RUPAK
ZSY34,PRADIP KUMAR CHANDA,20 Jul 2020,3632.13,0,0,0,3632.13,660407,0,0,0,660407,RUPAK
ZSTG3,MANIK CHANDRA DEBNATH,17 Jul 2020,0,0,0,0,0,0,0,0,0,0,RUPAK
ZS0P0,TAPAN  CHOWDHURY,10 Jul 2020,0,0,0,0,0,0,0,0,0,0,RUPAK
ZTTOF,GOPINATH  SAHA,30 Jun 2020,24.08,0,0,0,24.08,1813,0,0,0,1813,RUPAK
ZSL4W,SHARNAVA  CHOWDHURY,16 Jun 2020,0,0,0,0,0,0,0,0,0,0,RUPAK
ZSLM9,SUJIT KUMAR DEB,16 Jun 2020,14820.55,0,0,0,14820.55,6171598,0,0,0,6171598,RUPAK
ZTI6P,RUPAK  MAJUMDER,13 Jun 2020,0,0,0,0,0,0,0,0,0,0,RUPAK
ZUMK4,MRIDUL  KURI,12 Jun 2020,0,0,0,0,0,0,0,0,0,0,RUPAK
,,,,,,,,,,,,,
,,,,,,,20944.06,,,,,,
,,,,,,,,,,,,,
ZTR30,JITENDRA KUMAR MAHATO,23 Jul 2020,21,0,0,0,21,855,0,0,0,855,SILIGURI
ZTSN1,SANTOSH KUMAR PRASAD,23 Jul 2020,0,0,0,0,0,0,0,0,0,0,SILIGURI
ZSYW4,REKHA  GOSWAMI,20 Jul 2020,0,0,0,0,0,0,0,0,0,0,SILIGURI
ZRUJX,LALBABU  KARAK,10 Jul 2020,0,0,0,0,0,0,0,0,0,0,SILIGURI
ZTIDO,LAKSHMI  GOSWAMI,21 Jun 2020,0,0,0,0,0,0,0,0,0,0,SILIGURI
ZVE6L,MANJEET KUMAR MISHRA,13 Jun 2020,136.66,0,0,0,136.66,46295,0,0,0,46295,SILIGURI
,,,,,,,,,,,,,
,,,,,,,,,,,,,
,,,,,,,157.66,,,,,,
